-0.0954032528115,-0.0949578850069,0.519077879486,0.978874519061,-0.171098187533,-1
-0.0950112626924,-0.0947304965662,0.519077879486,0.982133272278,-0.296588569148,-1
-0.184118865159,-0.130895325861,0.519077879486,0.445525242482,-0.821900652483,-1
-0.239293995296,-0.166560923496,0.519077879486,0.358625156685,-0.950988884728,-1
-0.315375912044,-0.208279872114,0.519077879486,0.128339929323,-1.04848924355,-1
-0.289655226152,-0.229787486277,0.519077879486,0.421989802579,-0.811371847737,-1
-0.281862630381,-0.243335329187,0.519077879486,0.372384336936,-0.992399192706,-1
-0.32266513443,-0.261262794117,0.519077879486,0.18011789711,-1.24261536447,-1
-0.288999504222,-0.268946731438,0.519077879486,0.399902697439,-1.02449182374,-1
-0.359295861118,-0.286889407401,0.519077879486,0.0486815173423,-1.57689574476,-1
-0.503196208582,-0.324418966578,0.519077879486,-0.290228817266,-1.85027646376,-1
-0.589925850034,-0.368398581871,0.519077879486,-0.245330439604,-1.75280432691,-1
-0.642532854728,-0.412590163707,0.519077879486,-0.228312506136,-1.861457092,-1
-0.738934191141,-0.463371947439,0.519077879486,-0.434700209904,-1.92065925852,-1
-0.993387506348,-0.541612267496,0.519077879486,-1.03177621607,-1.92842335967,-1
-1.21591586299,-0.638376482566,0.519077879486,-1.15705717309,-1.97119537515,-1
-1.4386347667,-0.750836074297,0.519077879486,-1.35873778888,-1.86200928253,-1
-1.59271163962,-0.867837766059,0.519077879486,-1.35873778888,-1.82951330898,-1
-1.67385584337,-0.979621757311,0.519077879486,-1.30333898418,-1.64445219017,0
-1.709377817,-1.08141816651,0.519077879486,-1.28052771166,-2.11608834666,-1
-1.67676531486,-1.16635851733,0.434453751966,-1.08762574559,-1.88336407313,-1
-1.65350811948,-1.23800273132,0.347415057917,-1.080196845,-1.82335856302,-1
-1.64456385555,-1.29992997769,0.278564193403,-1.07570340358,-2.29890368638,-1
-1.64976022603,-1.35515364772,0.209884777399,-1.07948309454,-2.21089823248,-1
-1.73442836382,-1.41400684539,0.139819485933,-1.2561383981,-2.1824084039,0
-1.79148971866,-1.47284003079,0.0570812920329,-1.1983439472,-2.30905847863,0
-1.75806132153,-1.52111123196,-0.0176702587327,-0.963584460409,-1.97510470427,0
-1.65764809208,-1.55231415174,-0.0791774120289,-0.733543023237,-1.53279452558,0
-1.62508736227,-1.5763050527,-0.155886333294,-0.913437752658,-1.1269536214,0
-1.51818437814,-1.58536859583,-0.212278606014,-0.616561015968,-0.582754784008,0
-1.44560768822,-1.58513344578,-0.258055358433,-0.678481960357,-0.360925409218,0
-1.41357831193,-1.58126788321,-0.309632785471,-0.833760867398,-0.536185337956,1
-1.40839193682,-1.57722504727,-0.365367838899,-1.07781824653,-0.786898484182,1
-1.36562573293,-1.5687625204,-0.410630245785,-1.02865958677,-0.709320241839,1
-1.35052257083,-1.55948475767,-0.435576004125,-1.32721815946,-1.07373908704,1
-1.35447605302,-1.55162569515,-0.458535817214,-1.53544811098,-1.09412992825,1
-1.33897942843,-1.54284354324,-0.473137515395,-1.34273270153,-0.975497601458,1
-1.32124516039,-1.53298312657,-0.488582168755,-1.30227667869,-0.891447486918,1
-1.23727683101,-1.51473427928,-0.500797875158,-0.662255683238,-0.107377326457,1
-1.05582548126,-1.47806913387,-0.504026822114,0.463161180548,0.385417409253,1
-0.975073232595,-1.43615463087,-0.518728531926,-0.242224860127,-0.209419459383,1
-0.950712874484,-1.39582135246,-0.535830520892,-0.793202629407,-0.68499287433,1
-0.878743773369,-1.35159556114,-0.545831684029,-0.123419010406,-0.196770455818,1
-0.815369491189,-1.30483048249,-0.552761061346,-0.0898022409397,-0.55561258564,1
-0.810882900483,-1.26232998778,-0.554289810569,-0.927051174207,-0.658353634502,1
-0.779287259182,-1.22064064555,-0.552846785602,-0.628108364451,-0.361625033082,1
-0.78522563379,-1.18384206847,-0.561076314126,-1.14256676528,-0.369460513298,1
-0.666550271731,-1.13760934736,-0.564062375692,0.70774987274,0.0498060803514,1
-0.587078785098,-1.08724659036,-0.562405040086,0.363410576935,0.118669378759,1
-0.490372698045,-1.03126135935,-0.564490996969,0.883994056954,0.386591722444,1
-0.430181299655,-0.974264724614,-0.565705423921,0.574845320562,0.267746040884,1
-0.377383266616,-0.91717458256,-0.562719362356,0.55961011012,0.319852307995,1
-0.240435074751,-0.850688024986,-0.547589031266,1.60126629519,0.436559442395,1
-0.179273014724,-0.78413380199,-0.53925949111,0.825315764962,-0.196177017487,1
-0.0757131298678,-0.712829034183,-0.522571836046,1.27262153778,0.402863284282,1
0.10045743395,-0.629225844435,-0.494025658977,1.81013397055,0.989427757331,1
0.258418172615,-0.536573676186,-0.463807858925,1.60308067722,0.93319446371,1
0.440318494331,-0.433137210239,-0.426946429075,1.67404275654,1.09519409392,1
0.503254681542,-0.33313759061,-0.402343567757,0.96835209324,0.985276906933,1
0.587920581734,-0.233827554299,-0.383698542193,1.08302965074,1.03372167375,1
0.653972121653,-0.137190717401,-0.357409770517,0.969707351305,1.27627419081,1
0.789350578372,-0.0353046043953,-0.317862313996,1.28008474957,1.22731696033,1
0.854103417424,0.0635108797785,-0.285329959047,0.949720180778,1.1600225302,1
0.957063018716,0.163781439467,-0.246754044087,1.09650457233,1.22747624039,1
1.04833871397,0.264073237073,-0.201005866421,1.05491550034,1.38901767758,1
1.14975523746,0.365504081254,-0.153157444495,1.09876088718,1.45366809045,1
1.16833336103,0.458822798843,-0.105994816614,0.793422892894,1.01610535032,1
1.14690190533,0.540430463364,-0.0717336891794,0.601760951686,1.17083860109,1
1.16373041783,0.615721431776,-0.0311575415926,0.751266922337,1.15542507079,1
1.04875441764,0.670793133046,-0.003840078851,0.107099032507,0.285216467866,1
0.955503222166,0.710067478775,0.0262777095691,0.1002875168,0.243114597549,1
0.879721317177,0.73705351738,0.0570812920329,0.094312672656,0.0443435780034,1
0.890876785483,0.762568427906,0.0867847465516,0.58357065461,0.717572066731,1
0.900566874925,0.786598079688,0.122088852427,0.655717278467,0.624547544653,1
0.997479959796,0.818908269284,0.161593446821,1.3968521753,0.884936066578,1
1.1704482668,0.867055490387,0.202326755543,1.82199663666,0.924755487932,1
1.16918368538,0.910245522687,0.229672793036,0.800648952349,0.488625703159,1
1.19502910045,0.951963453157,0.255032885278,0.959580314828,0.429801747004,1
1.29374916238,1.00039067998,0.295851918255,1.40162749789,0.606753618057,1
1.36731141662,1.05208250063,0.333856338178,1.26958340466,0.53249093801,1
1.44691475154,1.10737832451,0.374732520659,1.30180682477,0.828606825233,1
1.53498727692,1.166851269,0.411036742848,1.2989842088,1.01627789723,1
1.56855050406,1.22407473186,0.448683978374,1.03735485724,0.84094869725,1
1.66897010972,1.28664360708,0.489074390074,1.28094654789,1.59567098829,0
1.74207123723,1.35101188508,0.52870757085,1.13929201498,1.60142012614,0
1.83670909044,1.41937362748,0.569740914466,1.17798284987,1.65828077155,0
1.91853099298,1.48991675876,0.617846509158,1.10573800261,1.59759490644,0
1.89702907812,1.55103408614,0.662165949234,0.749147093235,1.2440602097,0
1.89553177931,1.60587354751,0.705570997251,0.783693899738,1.13617238189,0
1.84691156198,1.64986901924,0.757234148544,0.616039796834,0.761182246643,0
1.85924971487,1.69082426903,0.814683687082,0.826200621473,1.67529240776,0
1.87433651271,1.72934637793,0.873833423353,0.873402170047,1.65574051017,-1
1.80660463035,1.7565502344,0.920153096056,0.558883382466,1.06587501522,-1
1.78540690161,1.7786969606,0.970287498127,0.760909270228,1.16497297427,-1
1.71486274842,1.79085331998,1.00810618216,0.528831653437,0.864552888934,0
1.57705325489,1.78660443584,1.03008016631,0.133657311852,0.383982291709,0
1.48546676769,1.77268575714,1.06664156127,0.288831988103,0.585754625817,0
1.27682024468,1.73716198587,1.08841552216,-0.630289905941,-0.291914704532,0
1.0800666621,1.68350466937,1.09994543452,-0.875938873127,-0.419744544087,0
0.976139964229,1.62375863769,1.11623304306,-0.4353708856,-0.397116663335,0
0.963464504978,1.56859043175,1.13642110522,0.30260608394,-0.193478140246,0
0.950444702697,1.51750426825,1.15343736993,0.344137257484,0.0900158902578,-1
0.923371033707,1.46854290541,1.17155376258,0.24038023975,-0.0758214005168,-1
0.922285514483,1.42435821469,1.183998067,0.602010875127,0.156165847861,-1
0.868965533881,1.37871530217,1.19132749084,-0.0282006087209,-0.318470248971,-1
0.805053356887,1.33059253699,1.1922418829,-0.199464738752,-0.494943568465,-1
0.741931050906,1.28032496538,1.19015592602,-0.223873497009,-0.260343992401,-1
0.748269912533,1.2357829278,1.19988562901,0.647809446653,-0.202535549713,-1
0.685251402773,1.18874943571,1.20071429682,-0.205683374881,-0.319730524128,0
0.56473975506,1.13313688213,1.19808541965,-1.06854698279,-0.321073158935,0
0.525041367876,1.0787102255,1.1944992883,-0.15727749744,-0.197963155243,0
0.412392610102,1.01731046866,1.18148348884,-1.13733103003,0.00975688278873,0
0.201911357263,0.938852098089,1.16299562441,-2.20501513881,-0.415326490313,0
0.0198358367369,0.848171805166,1.13829275146,-1.98523789084,-0.769911496732,0
-0.0552253113648,0.758286619211,1.12294810973,-1.16285011554,-0.834805448642,0
-0.0437292524045,0.678657107594,1.11984774916,-0.425202430029,-0.526967066414,-1
-0.0764994087659,0.603378791596,1.10967513751,-0.785850965238,-0.648068844124,-1
-0.0692528275485,0.536427067016,1.11353272901,-0.475649856897,-0.641847703089,-1
-0.1507414561,0.467189136805,1.11100386347,-1.32963263647,-0.779185589259,-1
-0.246472819975,0.394323830827,1.0996025375,-1.49191949677,-0.837551958647,0
-0.318360703442,0.320821841676,1.0808575003,-1.33681246843,-0.824096608989,-1
-0.30834471752,0.255774022461,1.06717019418,-0.70924069326,-0.83078931646,-1
-0.438828617035,0.182849496682,1.04095285938,-1.72593087851,-1.03032227534,-1
-0.508963084619,0.109487459743,1.01440691494,-1.36794218748,-0.766556677978,-1
-0.60007931504,0.0334191191126,0.987860970497,-1.52754737495,-1.13127957093,0
-0.554067374847,-0.0299710732783,0.972644915152,-0.584830286699,-0.486823083992,-1
-0.612980487517,-0.0935154365952,0.948442100359,-1.28816046357,-0.439105424098,-1
-0.62335251778,-0.151848516051,0.920967476483,-1.00005682524,-0.292733807857,-1
-0.547725841812,-0.196012949414,0.906051456032,-0.229382903367,-0.263277901498,-1
-0.415648386904,-0.221203789397,0.90312254397,0.469517747387,-0.273544117802,-1
-0.390127616443,-0.241062725532,0.886920659687,-0.27265660648,-0.393535922839,-1
-0.330228303359,-0.252333861783,0.880962823932,0.210124559861,-0.382299917377,0
-0.343029199175,-0.263888754356,0.87999128237,-0.544474109293,-0.310953583519,0
-0.330105207271,-0.272863716847,0.882148676133,-0.314164756574,-0.144771957537,0
-0.382808931872,-0.286750009084,0.871904627605,-1.03092678493,-0.345995984233,1
-0.371891157809,-0.298044350089,0.859646059073,-0.378601063358,-0.393585041619,0
-0.375517270895,-0.308608913646,0.849773482319,-0.52392087853,0.0115627304392,0
-0.477990952188,-0.329411322211,0.827356589515,-1.78932911473,-0.423985459947,1
-0.536262886213,-0.354556023104,0.814583675451,-1.38808443015,-0.238374693172,0
-0.642707812556,-0.388918250381,0.798738975565,-1.88951196156,-0.858669791021,1
-0.654517839466,-0.421145913404,0.788794961931,-1.05341620446,-0.287913661619,0
-0.768896568232,-0.462757242358,0.762677638766,-1.95279833653,-0.741560701345,1
-0.80313812271,-0.503981423435,0.753948052085,-1.35636317773,-0.86468057597,1
-0.940986038224,-0.556276311568,0.731631170912,-2.02715206873,-1.42161223293,1
-0.99800307967,-0.609625932136,0.716900886348,-1.52268725049,-1.06963513074,1
-0.989182992332,-0.656668468382,0.695855581631,-1.10764401245,-1.04029118571,1
-0.986488969642,-0.69870982316,0.682725483169,-1.12484339198,-0.923526740809,1
-1.00953120439,-0.739086677312,0.663580399449,-1.24948285916,-1.10163399625,1
-1.07012851169,-0.782104672718,0.632376770459,-1.44249550562,-1.07221205751,1
-0.992211164126,-0.812233083902,0.605473641619,-0.652222115462,-0.790827039337,0
-0.866124681555,-0.825451832698,0.591157690957,-0.215254294794,-0.54562355008,0
-0.768157088683,-0.826551053717,0.572584102272,-0.211137196649,-0.26479739655,0
-0.591439064169,-0.808063097351,0.568283602123,0.581345158374,-0.0206068567209,-1
-0.385543099019,-0.768730789279,0.567826406094,1.10707317074,0.38706291905,-1
-0.172141475205,-0.709811317227,0.577913293487,1.32547796979,0.344287799874,-1
0.0355720377099,-0.633890322097,0.587142938326,1.44030866727,0.929882792168,-1
0.19712765561,-0.547755321394,0.597815608131,1.27773431539,0.822853876492,-1
0.2652388771,-0.462726836642,0.612888789717,0.812819831913,1.18483009024,-1
0.30907239586,-0.381370021271,0.625833152292,0.699516688694,1.05781911059,-1
0.310156447259,-0.308029407832,0.642206485086,0.464418457142,0.764575644254,-1
0.34200173949,-0.238512977587,0.655836641705,0.603216880678,0.950064824117,-1
0.33796381865,-0.176393236709,0.677539165714,0.401558188418,1.02051801524,-1
0.368421632432,-0.117128514701,0.698398734543,0.542490104669,1.46288453783,-1
0.321647990868,-0.0689454954681,0.724216022814,0.119919746794,0.722964679264,-1
0.297128977981,-0.0282831798546,0.747775905691,0.162244568212,0.58844897406,-1
0.289241330604,0.00744355457206,0.768806923032,0.203374318295,0.71185221434,-1
0.264431021908,0.0368631083651,0.789852227749,0.0541074782129,0.214713930531,-1
0.176005752402,0.0535947771466,0.808168643667,-0.483997537335,-0.557680099365,-1
0.0520653454651,0.0549929930383,0.826613645968,-1.15465837173,-1.16138072675,-1
-0.0347952942634,0.0466779059888,0.835614692791,-1.19759297278,-1.40310008122,-1
-0.192119119404,0.0218546360952,0.831385629522,-2.01721943945,-1.66806449691,-1
-0.330226932361,-0.0157080754381,0.82657078384,-2.01980566004,-1.56413612516,-1
-0.47075337595,-0.0650028575602,0.810011715159,-1.9736261596,-1.6440816828,-1
-0.672743050192,-0.131630769296,0.778879523049,-2.16875031386,-1.79573330956,-1
-0.825501714073,-0.208432424816,0.743146795896,-1.8422934506,-2.08623002156,-1
-0.920758763029,-0.288052819289,0.705242387605,-1.5563427803,-1.90691516106,-1
-1.04328283468,-0.373215356375,0.662023075474,-1.65682834631,-2.32746803922,-1
-1.26072598113,-0.473827476087,0.611688650141,-1.95859398926,-2.39320955559,-1
-1.42524067225,-0.582510627659,0.56116848892,-1.72610680295,-2.53765598276,-1
-1.72481128923,-0.71334310797,0.496146641149,-2.04588040318,-2.73614276784,-1
-1.84431611207,-0.844263751032,0.436754019488,-1.51629925771,-2.13670976913,-1
-1.81286455349,-0.958625846948,0.389277069336,-1.06728525203,-1.5295064244,-1
-1.9207235091,-1.07343957662,0.324212359438,-1.43900086774,-1.67050665557,-1
-2.04931343598,-1.19094467308,0.259190511668,-1.48697850692,-1.7962856359,-1
-2.09898974681,-1.30217441209,0.195268791843,-1.28157945503,-1.56837039056,-1
-2.06536691011,-1.39857538361,0.134476007342,-1.04817132015,-1.34696602913,-1
-2.07356306021,-1.48623960941,0.0697399070899,-1.16074546568,-1.38020080737,-1
-2.41176159319,-1.60241249267,-0.0216992987396,-2.03235482048,-1.68683233882,-1
-2.52087155644,-1.71899381273,-0.0964365621293,-1.47882789154,-1.30202634184,-1
-2.6487127275,-1.83800721527,-0.178731847376,-1.54993336372,-1.4205438896,0
-2.85884013361,-1.96827879809,-0.265684817169,-1.74676109988,-1.49926127629,1
-3.03859063889,-2.10533470554,-0.355466687393,-1.68038980405,-1.41660208602,1
-3.12946502169,-2.23870088437,-0.440505148814,-1.48859165716,-1.36527275568,1
-3.30453175611,-2.3780256991,-0.52944406386,-1.65731205275,-1.31393780266,1
-3.39536484007,-2.51342934268,-0.617382862591,-1.47955143054,-1.56197781674,1
-3.44518428662,-2.64078355005,-0.708307722888,-1.40107370809,-1.92118247403,1
-3.32168968607,-2.7417911862,-0.782473491241,-1.00940939693,-1.34847686627,0
-2.98065511165,-2.79511039996,-0.825292756846,-0.397566158732,-0.687793064531,-1
-2.77582147887,-2.82052163329,-0.876212964592,-0.607902085163,-0.899548832306,-1
-2.6794128322,-2.83276591357,-0.918717907927,-0.823805842088,-1.1431753258,0
-2.51372636448,-2.82552437277,-0.964537522473,-0.585399850705,-0.92509385263,-1
-2.42557833118,-2.80929161277,-1.02644472229,-0.749327595774,-0.454619674992,-1
-2.31385631134,-2.7823685117,-1.07283583188,-0.634661387913,-0.765487238469,-1
-2.30820660587,-2.75751502962,-1.12312739508,-0.96605142882,-0.836110749128,-1
-2.19555795897,-2.72273114904,-1.16841837672,-0.583108124479,-0.306495757552,-1
-2.06246094762,-2.67675616134,-1.21636681028,-0.418699983177,-0.134075541208,-1
-1.96426034112,-2.62455533907,-1.26168636667,-0.523342633343,-0.250000136499,0
-1.93215036573,-2.57403554789,-1.28041711649,-0.938839912179,-0.0557536302494,0
-1.76558008914,-2.51020893241,-1.29997653411,0.0778489283331,0.206503922007,0
-1.54449750735,-2.42839801613,-1.30647729015,0.799395853042,0.395647327521,-1
-1.25457616173,-2.32281405717,-1.2909040504,1.42188406716,0.349542794431,-1
-1.06749179778,-2.20716869848,-1.27594516783,0.859833732345,-0.295296763864,-1
-0.91959399486,-2.08678708811,-1.26340085178,0.695380308716,-0.0450654506997,-1
-0.732073326642,-1.95777575521,-1.23234009655,1.01631243217,0.457024698607,-1
-0.696522902827,-1.83774731007,-1.21312357595,0.0881822942103,-0.11549732332,-1
-0.726551239505,-1.73303132951,-1.19837900401,-0.506079259485,-0.101776037637,0
-0.756203128976,-1.64205507636,-1.19633590925,-0.633830530304,-0.189633654743,0
-0.808296350654,-1.56591798438,-1.21679543155,-0.885406555908,0.0391479095036,0
-0.858175482239,-1.50289210807,-1.2300541164,-0.96538470798,-0.29470834029,0
-0.960262325995,-1.45742048045,-1.24119826961,-1.46356613224,-0.593534261889,1
-0.932826970451,-1.413472185,-1.24894202735,-0.610499279698,-0.177526928647,0
-0.997492401793,-1.3810459207,-1.25912892638,-1.30354656287,-0.264955803338,1
-1.07024178336,-1.35988046963,-1.27378777406,-1.41196115203,-0.772194930248,0
-1.0887196198,-1.3428681273,-1.27603089208,-1.18726140667,-0.956680514064,0
-1.14778127704,-1.33406659209,-1.29108978629,-1.44431766743,-1.5706907845,0
-1.2714161305,-1.33977181903,-1.31632129215,-1.75967746741,-1.6328038218,1
-1.32266824757,-1.35055535548,-1.33595214665,-1.41625941966,-1.45090317159,0
-1.1890212944,-1.34553043043,-1.3347377197,-0.524294158885,-1.02049113428,-1
-1.10498936159,-1.33174628704,-1.34769636965,-0.668728562636,-0.822600253445,-1
-0.96291552074,-1.30368166754,-1.36128366414,-0.266813062923,-0.391345231232,-1
-0.877645514838,-1.26902534299,-1.38742956206,-0.408096191537,-0.459039364403,-1
-0.859532116831,-1.23583825442,-1.4139755065,-0.710969245255,-0.519363043697,0
-0.782121864222,-1.19743798271,-1.43459218994,-0.275347085748,-0.287933446684,0
-0.660684732986,-1.14949335492,-1.45606611593,0.306450405953,0.0959180917944,0
-0.628322277767,-1.10277631132,-1.47298236901,-0.251729015056,-0.428575896654,0
-0.556939971155,-1.05286345957,-1.48024035598,0.235538838698,0.0182944720426,0
-0.407638478563,-0.991486395608,-1.47814011172,1.16657082555,0.390881991838,-1
-0.281840888558,-0.922382060009,-1.47219656334,1.10584337226,0.333246101058,-1
-0.209651171576,-0.852231655466,-1.4672959934,0.754499624501,0.443647542208,-1
-0.201345599559,-0.788180879775,-1.46035232871,0.225626102081,0.617912285968,-1
-0.143146609401,-0.724120688976,-1.45775202629,0.690097181116,0.663165949733,-1
-0.151360988931,-0.667371877938,-1.45133699451,0.132457188796,-0.0687982771718,-1
-0.146628561452,-0.615776356112,-1.4409643596,0.183966113275,0.116775971606,-1
-0.238969877736,-0.57951792899,-1.44203591279,-0.746868728986,-0.537619171622,-1
-0.305499748045,-0.554218038235,-1.43756396413,-0.745684157759,-0.387856147302,-1
-0.346402991543,-0.535956351478,-1.42403381914,-0.832155576917,-0.105923893629,0
-0.441404921,-0.529991619559,-1.41954758311,-1.78690427506,-0.638019503186,0
-0.501982534386,-0.531300017185,-1.42889152695,-1.4874746487,-0.875868014825,0
-0.565406664369,-0.539467964679,-1.43707819335,-1.5692045814,-0.687956924256,1
-0.597972387764,-0.550408399534,-1.45015114231,-1.30270091518,-0.8701662912,1
-0.605370736351,-0.561070211458,-1.45876642998,-1.08984264711,-1.47836242798,1
-0.610311097439,-0.57121035181,-1.46252400985,-1.09789218715,-1.54499415761,0
-0.622715862337,-0.581703688681,-1.47263947199,-1.14878875706,-1.49774224941,1
-0.54326545711,-0.582390941257,-1.47996889583,-0.312550668534,-0.583058668254,0
-0.416757513711,-0.569066197836,-1.47545408505,0.238384966156,-0.523111709972,0
-0.338137652621,-0.548408717869,-1.47685424788,0.0123051881358,-0.352369872853,0
-0.304746750091,-0.52613675538,-1.4892414028,-0.224293442664,-0.600258758834,1
-0.25018357636,-0.500078223655,-1.49971404934,0.142733851054,0.218594845614,1
-0.238346294703,-0.4753208806,-1.51057245503,-0.163303661635,-0.0602482300244,1
-0.25702140674,-0.455097578517,-1.51958778923,-0.486167757858,-0.314660376434,1
-0.284367970058,-0.439910650866,-1.53460382132,-0.623684646522,0.0441194433322,1
-0.340341785718,-0.432411657571,-1.54799109254,-1.10230483049,-0.290951824974,1
-0.411602349762,-0.433516658066,-1.56513594364,-1.4882865635,-0.352754509381,1
-0.479935338044,-0.442042585632,-1.57485135926,-1.54836770645,-0.535933694443,1
-0.592738028289,-0.46214864528,-1.59082464553,-2.03692663621,-0.945961452268,1
-0.604057976199,-0.481491744718,-1.60102583193,-1.04152645275,-0.455775556919,1
-0.521957084641,-0.489851656109,-1.59729682681,-0.00477477476944,0.0309537383263,0
-0.452772011975,-0.489750235427,-1.59448221376,-0.0238990304881,-0.375446141323,0
-0.374672486901,-0.481051095572,-1.58793859559,0.179798580561,-0.616626510713,0
-0.293575933197,-0.464283686267,-1.58093778139,0.336434191356,-0.385705910652,0
-0.174198707452,-0.436035670347,-1.57013652521,0.867335394477,0.0929916867017,-1
-0.0983548233464,-0.402253203773,-1.5605925581,0.569845271688,-0.154180271423,-1
-0.0831893847393,-0.370177501334,-1.55380605454,0.0228870204568,-0.218719072216,0
-0.0500760996704,-0.337659736663,-1.55272021397,0.261587431047,0.0657626141379,0
-0.00203958855511,-0.303099329296,-1.55500619412,0.553958852794,0.2664430898,0
0.0433589179957,-0.266991295299,-1.55424896319,0.647374410863,0.558293955558,-1
0.122255698433,-0.225798332715,-1.54649091807,1.03490942121,0.960707710594,-1
0.231763706633,-0.176655070083,-1.53650404231,1.34673479176,1.23641107092,-1
0.356883342461,-0.118635877465,-1.51953063973,1.4316040079,1.88184452295,-1
0.377592387013,-0.0641361243917,-1.50648626552,0.716769623627,1.08993554397,0
0.372941128825,-0.0155989923174,-1.49352761557,0.517359308061,0.652703673883,0
0.401745634478,0.0312591601669,-1.47369673781,0.716818289568,0.807354053711,0
0.416944289493,0.0751066409238,-1.45123698288,0.619402731544,0.715636671999,0
0.351622753708,0.107369858428,-1.43387782114,-0.0134051061796,0.139144748325,1
0.292872834113,0.129931539956,-1.41087514593,-0.123937931413,-0.164418785571,1
0.184810866775,0.138326834679,-1.39977385485,-0.900086543583,-0.38331607063,1
0.105625785411,0.137155092406,-1.39573052746,-0.845203989111,-0.0807679206302,1
-0.0242106417957,0.121790399576,-1.39773076009,-1.6364942285,-0.565805772821,1
-0.0759514737192,0.102259479357,-1.39687351754,-1.00999742726,-0.399020423158,1
-0.102618548495,0.0817424978281,-1.39625916037,-0.838372556415,-0.369807825613,1
-0.15378194782,0.0576381604169,-1.40338856095,-1.13873461854,-0.772756617289,1
-0.19134362439,0.0318043378474,-1.40863202791,-1.05495728078,-1.11464360109,1
-0.240894811073,0.00309253603653,-1.41174667586,-1.25603589419,-1.55223603379,1
-0.271399949785,-0.0261102571419,-1.41621862452,-1.12273887787,-1.22229239007,1
-0.250088304861,-0.0500438747429,-1.41879035218,-0.621192209304,-0.761322288702,1
-0.267555942737,-0.0735093535978,-1.42549113148,-0.96071761773,-1.25735074372,1
-0.333790383464,-0.101928416989,-1.44136440612,-1.39298029325,-1.44811522786,1
-0.416881205725,-0.136663558904,-1.46499572588,-1.56685578181,-1.3175970955,1
-0.393144124703,-0.165308967137,-1.48474087939,-0.667060676775,-0.659197680998,1
-0.308744939718,-0.181787646441,-1.49207030323,0.10161839142,-0.012009700315,1
-0.183510110252,-0.182815505319,-1.4927418099,0.793787566541,0.208755435757,1
-0.0908917197136,-0.173532497615,-1.49749950608,0.81893751733,0.577243072826,1
-0.0262767420965,-0.158056149917,-1.50282869729,0.849698504142,0.296729379376,1
0.0889108056643,-0.131431861353,-1.49554213558,1.50536935466,0.524849048825,1
0.205861029459,-0.0945801499126,-1.48536952393,1.53513778289,0.846384545594,1
0.29560408942,-0.0515224379773,-1.46973913468,1.27968761559,0.845335088468,1
0.360995098624,-0.00556332493708,-1.45495170061,1.08378022121,1.00572124564,1
0.500561867533,0.0511824464045,-1.42549113148,1.52940917273,1.24225986292,1
0.585153631749,0.111577054138,-1.40237415726,1.16154622882,1.00153919531,1
0.643518736187,0.17236500232,-1.38057162162,0.992198169369,1.27499115986,1
0.733013537773,0.236937965139,-1.35115391462,1.13295893816,1.85488257456,1
0.747076951892,0.296603652847,-1.32620815628,0.732640427238,1.73910122447,1
0.712102213192,0.346447976286,-1.30266256078,0.439806977477,1.23296588962,1
0.685254209414,0.388348772676,-1.27883121776,0.431227751664,1.06640376733,1
0.710453331936,0.428836850106,-1.2538997468,0.68038219835,1.06087612814,1
0.78295680096,0.47326720297,-1.21993865426,0.93244893797,1.31143438803,1
0.88023616781,0.523976318031,-1.17629072085,1.11647625356,1.49836043064,1
0.983274570035,0.580971060156,-1.12601344502,1.27516543885,1.43855797817,1
0.998592957353,0.633954668072,-1.08849479588,0.858748632198,0.92624771636,1
1.01841404809,0.683824527697,-1.05486231298,0.907132250242,0.983847466198,1
1.07142505328,0.734550092163,-1.02182989988,1.10725126412,1.12316443457,1
1.10972662253,0.78442456751,-0.987268737547,1.04574837295,0.882064309745,0
1.09642298457,0.827845314069,-0.954707807846,0.767615852869,0.795794505962,0
1.06219706161,0.863151722371,-0.92911911759,0.614768485752,0.724121461176,0
1.08088190485,0.896986869047,-0.900772963783,0.946089223627,0.746803539875,0
1.1124686856,0.930919887473,-0.869769358056,1.04292874878,1.18841964147,0
1.07838689547,0.957703226281,-0.842880516592,0.627542717714,1.12002978328,1
1.05782050938,0.979541474816,-0.822821040813,0.687679423013,1.14666163993,0
1.02469358544,0.995544762792,-0.801461413826,0.576611730381,0.950365829374,0
1.04590574019,1.01228565276,-0.774558284986,0.940778273187,0.943546919234,0
1.02644439566,1.02520749123,-0.754598820839,0.658634981746,0.563392596928,1
1.01126571931,1.03516420431,-0.729153004342,0.684494205416,0.445219687964,1
0.973908577357,1.04000787028,-0.701535506706,0.542611251699,0.797275052292,1
0.951656947944,1.04191467154,-0.67304647914,0.737953808988,0.792278824308,1
0.932821525165,1.0415548171,-0.648672215836,0.862201570477,0.588039186891,1
0.928182067709,1.04071960306,-0.627998382893,1.07287012216,0.653399574864,1
0.987370176567,1.04649142036,-0.605110006683,1.68063457753,1.27248358313,1
1.03115952671,1.0565123676,-0.58482193289,1.44879916826,1.41102135722,1
1.04937703367,1.06753909113,-0.559933324053,1.23587214919,1.17333329587,1
0.997641859478,1.07176106921,-0.541802644022,0.595384040686,0.468898425481,1
0.946665432612,1.06994240291,-0.5281153379,0.538690385957,0.95216337398,1
0.900735901191,1.06324340814,-0.514813790927,0.526668585744,0.881448196173,1
0.773955881618,1.0432410548,-0.506112778997,-0.437929477722,0.138356223782,1
0.58868317551,1.00481881588,-0.50348390183,-1.42323360568,-0.800835903715,1
0.489002581329,0.95925234834,-0.501355082819,-0.776057020299,-0.27363827236,1
0.396192618874,0.908013332463,-0.502769533034,-0.863451708363,-0.408714714823,1
0.383072212431,0.860452132068,-0.494011371601,-0.0892709157629,0.0621323462024,1
0.379728803376,0.817278552658,-0.485910429459,0.0254426723743,0.0261111664018,1
0.347226786573,0.774840070599,-0.479709708314,-0.365362003623,-0.176871942253,1
0.290701497134,0.730415413611,-0.481438480799,-0.724021618715,-0.444101759811,1
0.21615357848,0.682216806934,-0.483424426051,-1.06386902652,-1.09457368016,1
0.28180146654,0.646073545528,-0.474823425752,0.642920290799,-0.325954323911,0
0.363934794228,0.622597063364,-0.461807626298,0.963007701917,-0.14088209442,1
0.454176564957,0.611414367243,-0.447691698898,1.14712087311,0.265251739282,1
0.530075450869,0.609715255089,-0.433490047242,1.08569615916,0.302734010596,0
0.636923251017,0.619962451468,-0.41627375927,1.36785974924,0.477902737333,0
0.714458357883,0.637730581215,-0.405729675847,1.20088353258,0.976198117481,0
0.788585647257,0.661891953061,-0.393999740225,1.20940234444,1.64350742373,0
0.879639797521,0.693672863229,-0.377997879205,1.3074689728,1.62408359762,0
0.954114064571,0.730483980141,-0.355795297039,1.18113228593,1.72543318832,-1
0.987958854175,0.767344241754,-0.334935728209,0.946856664686,1.46866486512,0
0.98463020709,0.800151605164,-0.316233553142,0.735992427864,1.26618765263,0
0.931618586774,0.823835473633,-0.293716648706,0.440471545691,1.14222334925,0
0.873735504606,0.83877128087,-0.264613263976,0.352557510929,1.34003961223,0
0.771347687821,0.840928674105,-0.244668087204,0.00547920795665,1.15318968458,0
0.667778963675,0.831455339187,-0.22522296859,-0.149392726783,0.470934211811,1
0.581964510787,0.81347116369,-0.21142136346,-0.172249497048,0.264468157584,1
0.495087431689,0.787710112665,-0.199862876348,-0.313849969025,-0.106935576654,1
0.424937914326,0.756793528029,-0.185618362565,-0.348012769871,-0.170045243981,1
0.41948763762,0.728367891089,-0.163858689053,0.0628327603279,-0.161264968083,1
0.376829113619,0.698083141937,-0.142713372705,-0.429363971198,-0.460962032259,1
0.286302289489,0.660849312267,-0.138112837661,-1.24835035902,-1.02282106925,1
0.245096058993,0.622797256457,-0.133598026873,-0.815573972841,-1.11759776099,1
0.26499106765,0.590743165707,-0.126782948564,0.0136745692492,-0.714248931169,1
0.316270362914,0.567546311719,-0.117353280463,0.575642776545,-0.327068142045,1
0.344476577913,0.549777935208,-0.11362427535,0.413216245173,-0.260391938225,1
0.368686162267,0.536454693532,-0.109438074208,0.474896974777,0.0706479199535,1
0.388559428833,0.526654139163,-0.106766334913,0.532839230594,0.1502298999,1
0.355253525378,0.514162778019,-0.112066951376,-0.0782682898088,0.172319457214,1
0.302343025639,0.497088939551,-0.12068223905,-0.359747463746,0.104473533381,1
0.206800915208,0.471192161877,-0.132712209567,-1.13439871983,-0.276517853318,1
0.15653177645,0.442344570263,-0.140541691566,-0.575692193168,-0.0214483197255,1
0.101112944125,0.410273664574,-0.146070906044,-0.766561551343,-0.134457894536,1
0.0887490934333,0.380047148323,-0.148099713423,-0.118331762188,-0.275955734586,1
0.135810625299,0.358030243999,-0.140455967311,0.86587352682,0.288612729487,1
0.168963257802,0.341868999322,-0.131669231125,0.737687783002,0.697125025718,1
0.263005693691,0.337688913191,-0.116696061171,1.56304839691,0.856232213256,1
0.342512291205,0.342689779602,-0.0997083712128,1.40268153565,0.653204640571,1
0.465009478216,0.360691778326,-0.0771343172737,1.74380202625,0.770514196885,1
0.572560382015,0.388747468163,-0.058017808305,1.52892935374,0.909699501338,1
0.627531348281,0.420056299993,-0.0379011830225,1.11226604292,0.693850557771,1
0.743043411352,0.460965591239,-0.00556885133621,1.51319124142,0.965479076926,1
0.840714279476,0.50854890077,0.025163294248,1.36304789065,1.36639612891,1
0.940018856835,0.562318888574,0.0538094829493,1.32189874144,1.63330747997,1
1.00772536946,0.618174256724,0.0789409771765,1.12243191872,2.13674369443,1
1.04665191319,0.672734437927,0.104601104312,0.954666296126,2.08958854998,0
1.06459962473,0.723816736093,0.129646874284,0.830066427813,2.25001578242,1
1.10787353663,0.774560306288,0.158035890219,0.919791887463,2.25701312173,0
1.13735666029,0.823479048025,0.191282613964,0.842335541683,2.2149513322,0
1.19333009676,0.873675115387,0.230858645237,0.944232089018,2.26845268234,0
1.20886980294,0.920564309021,0.273749347721,0.786514062097,2.01234512294,0
1.19936742288,0.961717263618,0.313425390625,0.675013793983,1.90280117498,0
1.15873894185,0.994276991209,0.352615662749,0.523583575025,1.47650860141,0
1.13723807885,1.02121099482,0.391005841821,0.621551707941,1.49945760045,0
1.09426637577,1.04071540463,0.422852402727,0.490227511388,1.63732425212,0
1.01777300282,1.0498385368,0.452098661216,0.234025478282,0.823860847889,1
0.983407020843,1.05426165532,0.478315996013,0.503969920016,0.958919308492,0
0.992194663144,1.05921100572,0.508048025283,0.914316960945,1.03902376051,0
0.961443061919,1.06027608528,0.529436227022,0.601935214978,0.714368783822,1
0.814426123925,1.04503095525,0.538937332002,-0.742002960795,-0.221377565233,1
0.756857156355,1.02496528447,0.556710827636,0.0373241347718,0.160777807347,1
0.711332512686,1.001888611,0.567897842974,0.124399344221,-0.0127969212878,1
0.693107457407,0.979110901924,0.57999925037,0.542971113696,0.0810475375026,1
0.714442455567,0.960962433927,0.593129348832,1.20638690241,0.068875938691,1
0.719451134341,0.94518085209,0.605873688145,1.02272486521,0.14095724465,1
0.719354472981,0.930966774754,0.619246671997,1.00308072195,0.213879313275,1
0.679176554317,0.91374583304,0.629733605916,0.375776835247,0.131836547858,1
0.670462507675,0.897286553225,0.639220423521,0.888870499202,0.167113578093,1
0.664044205565,0.881765798191,0.64869295375,0.926170048248,0.291118987203,1
0.622021515603,0.863165522197,0.651221819286,0.346901350019,0.297382347974,1
0.536012489573,0.836945654549,0.650864634888,-0.499826490511,-0.181239495739,1
0.459572555995,0.804922826897,0.650964646519,-0.53618703722,-0.49414909483,1
0.414575068778,0.771142813616,0.654722226384,-0.17218081195,-0.202911319126,1
0.431426658408,0.742598125957,0.661551592069,0.824540514765,1.01083517818,1
0.47904424785,0.722156154119,0.673224378189,1.29087836007,0.889294709991,1
0.482239933455,0.70411059695,0.685054325443,0.737733223731,0.564530548656,1
0.499996148854,0.689826624534,0.69536981085,0.949844036733,0.538315450512,1
0.5009281235,0.677073768403,0.700684714689,0.76018336061,0.197558852202,1
0.519020709766,0.667590300562,0.710557291444,0.969222756233,0.383099126279,1
0.548338852524,0.662286524439,0.732702724105,1.25397912551,0.483555757081,1
0.667419491396,0.670637784688,0.758119965851,2.0591918579,1.21316663928,0
0.793370850037,0.692035844791,0.78649469441,1.89631259824,1.24263358088,0
0.889200643441,0.721856129365,0.81308350098,1.55357045494,1.23711963931,0
0.937574379289,0.754025972395,0.834128805697,1.18270638403,1.36016349512,1
0.970825778537,0.786643686069,0.85605992772,1.05266431229,1.86649917699,1
1.00052243641,0.819272691945,0.878962591305,1.00004486164,1.9152795887,1
0.98528333767,0.846959196143,0.902308163543,0.713617733202,1.57898043793,1
0.938728473813,0.866745932828,0.920681728965,0.485544474893,1.16370127329,1
0.948696358971,0.885652621888,0.94358439255,0.771593297404,1.22665170637,1
0.932838002188,0.90092078846,0.968015805357,0.606611055901,1.39821139862,0
0.908230933741,0.91195003186,0.996547695051,0.536633500368,1.32168961361,1
0.808291913477,0.910861415578,1.01886457622,-0.0175952319694,0.690164283958,0
0.78194742904,0.90697806239,1.04496761201,0.418273626911,0.845190100546,0
0.768498357717,0.902000734102,1.06731306794,0.503674784196,0.826483564207,0
0.809750700428,0.902067830079,1.09161589436,0.942279774106,0.650907456772,0
0.835472414242,0.904963175355,1.11880477072,0.898807317727,0.45972059314,0
0.829840175606,0.906948220118,1.14257896424,0.695341382812,0.286575870345,0
0.83346660365,0.90913445284,1.1686391379,0.865225894489,0.523782462968,1
0.830832800435,0.910811773552,1.19294196432,0.923941891087,0.513130939928,1
0.806134779849,0.909599231245,1.21408728067,0.798309552775,0.31978814011,1
0.796022938167,0.907393450732,1.22748883927,0.983808451514,0.660808972883,1
0.766791910885,0.902186504904,1.23604697744,0.69898793825,0.770311128694,1
0.69534944948,0.889626111097,1.24036176497,0.0467831968658,0.0534594055251,1
0.658239437165,0.874231618653,1.24867701775,0.424740996602,0.344127849033,1
0.757782340968,0.871347852201,1.2689936663,1.89441541022,0.95973015843,0
0.920978242969,0.88673935384,1.29661116393,2.07373052485,1.76484529843,0
1.04159167327,0.913885303079,1.32702898725,1.63636712357,1.66456499259,0
1.1037746312,0.945170249305,1.3577182707,1.2491888564,1.44159940888,0
1.11621802512,0.974698169022,1.38094954393,0.930660635396,1.04954310054,0
1.0334904437,0.992155347061,1.39800867077,0.315400123928,0.418074561374,0
0.87915465608,0.990856447206,1.40803840866,-0.271830318725,0.0544197009166,0
0.807990326454,0.981843949504,1.43006954231,0.115041802025,0.229295967783,0
0.620838964133,0.95310552162,1.43518442289,-0.899686793054,-0.31565619307,0
0.478591783256,0.911562941124,1.43987068219,-0.834841396281,-0.222098891335,0
0.351931131336,0.86021451693,1.43807047282,-0.894729886153,-0.331346398696,0
0.279344110362,0.806000643172,1.4388562785,-0.630805875837,-0.166438843722,0
0.267913466378,0.755948310495,1.44562849468,-0.240470218082,0.159693551587,0
0.259618141268,0.709986928861,1.45112913441,-0.224828646398,0.0826698864995,0
0.358869075502,0.679560782255,1.46628804025,0.641264103167,-0.0154668667855,0
0.454836790721,0.66275448206,1.48471875517,0.732743958575,-0.312226262097,0
0.527935857721,0.655685539821,1.50173501988,0.669927546902,-0.312942395406,0
0.558746090156,0.652719289736,1.51799405367,0.44253154696,-0.312942395406,0
0.613371239809,0.656070260919,1.54132533853,0.666667841228,-0.048956246216,-1
0.681696203327,0.666616677643,1.5651852563,0.832019812915,0.481267404906,-1
0.732101154269,0.681663913155,1.57691519193,0.778802190658,1.00441358338,-1
0.746056492474,0.696744534531,1.57840107902,0.637876815521,0.672348376186,-1
0.663311737534,0.701197251258,1.57172887447,0.0140269701532,0.97460629498,0
0.580855004102,0.696116598541,1.56601392411,-0.0297315811999,0.848673877492,0
0.600377657796,0.69369573089,1.57085734454,0.675574100562,1.21553449448,0
0.585599034971,0.689888100988,1.58091565718,0.44309671394,0.951642484852,0
0.562388124692,0.683903007316,1.5976890365,0.349829585453,0.746235728729,0
0.481111895006,0.669558436306,1.60371830913,-0.115667522853,0.333153420916,0
0.400488324385,0.647762269531,1.61996305555,-0.273502745844,-0.337798916006,1
0.286296457027,0.615559884268,1.63086432337,-0.774558472243,-0.761101790205,1
0.181020378284,0.574974569946,1.64150841842,-1.04708563532,-0.848120328558,0
0.0992605005099,0.52943649432,1.64958078581,-1.16033432496,-0.723669477787,0
-0.0157957667388,0.475771119907,1.64856638212,-1.73738335896,-1.25093661597,0
-0.174211001562,0.410012300195,1.64089406125,-2.21852558493,-1.75967028457,0
-0.283180260731,0.338819145215,1.62440642945,-1.76863418213,-1.68342576466,0
-0.244230355567,0.279038230417,1.61703414348,-0.572780512885,-0.767903078867,0
-0.233079012723,0.226464469782,1.60733301524,-0.721319590825,-0.508852034976,0
-0.249873802568,0.177297021194,1.5969175182,-0.911730443209,-0.589454759665,0
-0.225653897942,0.135715752114,1.58628771052,-0.533162819493,-0.953057736665,0
-0.248554733665,0.0957685585336,1.56855707702,-0.876720994212,-1.03544292877,0
-0.251433682572,0.0594987764575,1.55152652493,-0.687318772371,-0.928806803125,0
-0.300846997662,0.0214098068237,1.53146704915,-1.12899804399,-0.902774410949,0
-0.282244489799,-0.0108199613633,1.52423763694,-0.482078723871,-0.522239249214,0
-0.222334608492,-0.0332236915125,1.52182307041,0.0169123576338,-0.0843835780396,0
-0.1411197738,-0.0444358286865,1.51396501366,0.504148496474,0.123520447247,0
-0.0500232404138,-0.0444864053144,1.51063605508,0.920924695618,0.217761621358,0
0.127839999449,-0.024928449263,1.51753685764,1.9356526601,0.834463365713,0
0.304291693262,0.0121216104453,1.53322439639,1.81035700941,1.34656655142,0
0.399267320664,0.0559345514223,1.54629734535,1.23708545851,1.06679018889,0
0.507220807637,0.107264460621,1.56717120155,1.28641761041,0.84806491922,0
0.57083995301,0.160473262456,1.58780217237,1.00969340856,0.894724994,0
